numero,acao,veredito,data,labels,titulo,evidencia
943,manter,válido,2026-09-02,"agent-found,needs-triage",[financial] NSA é sequenciado por conta e não pelo convênio — duas contas sob o mesmo multipag repetem o número,"NSA é alocado por conta (cedente-account-store.ts:45); índice fin_remittances_account_nsa_uq, não por convênio."
942,manter,válido,2026-09-02,"agent-found,needs-triage",[financial] gerar remessa falha com 5xx opaco numa conta-cedente válida com multipag — bloqueio em PRODUÇÃO,Slugs de remessa caem no balde 503 genérico (error-mapping.ts:163-172) — daí o 5xx opaco.
940,manter,válido,2026-09-02,-,[infra/release] o gerador do CHANGELOG sobrescreve o arquivo e apaga a seção da release anterior,release-notes.ts:337 faz writeFileSync sem ler o arquivo; renderChangelog monta do zero.
938,manter,operacional,2026-09-01,BlockedBy,[financial] validar em produção que a conta migrada aceita o convênio e gera remessa (CA5 da #879),"Validação em produção, dependente da #879 — cujo fix está na branch órfã."
931,manter,válido,2026-09-01,"agent-found,needs-triage",[handbook] inquiry-0032 diz que reconciliation-repository nao esta no ciclo atual — a condicao ocorreu 4 dias depois em 4ec8445e,"inquiry-0032:537,783-784 ainda diz ""não está no ciclo atual""; 4ec8445e provou o contrário."
930,manter,válido,2026-09-01,"bug,agent-found,needs-triage",[shared/persistence] a borda HTTP abre 31 pools num boot (eram 14 no Incident-0001) — piso ocioso de 62 conexoes excede max_connections,"composition.ts:793,878-897 abre 5 read-ports e budget-plans/read.ts:70 abre pool próprio de programs."
927,manter,válido,2026-09-01,"agent-found,needs-triage,debito-tecnico","[shared/migrations] ADD de coluna NOT NULL sem DEFAULT em 4 tabelas de negocio, sem justificativa nem gate — falha com 3819","ADD NOT NULL sem DEFAULT em 0006_same_jigsaw.sql, 0007_bizarre_clint_barton.sql e 0047_powerful_veda.sql."
926,manter,válido,2026-09-01,"agent-found,needs-triage,debito-tecnico",[shared/migrations] db:generate reprova o format:check em 5 dos 7 modulos — o .prettierignore isenta so contracts e auth,.prettierignore isenta só contracts e auth; os outros 5 módulos seguem no format:check.
923,feito,fechada 02/09,2026-09-01,"agent-found,needs-triage,gap-contrato,needs-decision",[partners] ISPB do favorecido nao existe no cadastro — bloqueia o Segmento A e o B do emissor PIX,"payee-ispb.ts + ispb-by-bank-code.generated.ts derivam ISPB do código de compensação (98fbc6c2, PR #934)."
915,decisao,aguarda sua decisão,2026-08-31,-,"[deploy] o backend de homologacao ja pegou o 04f24df8b (M2, PR #889) da dev? Automatico ou manual?",Não fechei: a pergunta sobre o deploy de homologação segue sem resposta. Fechar sem responder perde a informação.
913,manter,válido,2026-08-31,-,[financial] autoria da trilha da reclassificacao e fail-open — e virou o unico controle depois da #897,confirm-reconciliation.ts:267 — actor: actorRef.ok ? value : null (fail-open).
912,manter,válido,2026-08-31,-,[financial] DocumentTaxonomy admite os 31 subconjuntos que o comentario acima proibe — dois papeis num tipo so,document.ts:440-445 — os 5 campos são | null independentes; reclassifyTaxonomy não valida completude.
911,manter,válido,2026-08-31,-,"[financial] a escrita da reclassificacao usa o input, nao a saida do agregado — duas fontes que hoje coincidem","confirm-reconciliation.ts:252-256 grava o input, não a saída do agregado."
910,manter,válido,2026-08-31,-,[financial] typo no NOME do bloco taxonomy devolve 201 sem reclassificar — z.object em strip vs additionalProperties false,schemas.ts:544 — confirmReconciliationBodySchema sem .strict(); bloco com nome errado some no strip.
909,manter,válido,2026-08-31,-,[financial] sentinela do fallback da categoria trocada no #889 — Partial com difference volta a perder a categoria,plugin.ts:1775 — sentinela virou if (taxonomy === null); manualEntry com categoryRef nulo não cai no fallback.
906,manter,válido,2026-08-31,"bug,agent-found,needs-triage",[financial] template do lote descarta 6 dos 14 campos em silencio — escopo restante do #505,confirm-batch.ts:18-27 tem 8 dos 14 campos de RecordManualEntryInput. Continuação da #505 (já resolvida).
905,manter,válido,2026-08-31,"agent-found,needs-triage,debito-tecnico",[financial] o dominio cita 13 vezes uma spec da M2 que nao existe no repositorio,"Não existe spec da M2 em handbook/specs/; o código a cita 57 vezes, 9 delas no domínio."
904,manter,válido,2026-08-31,"agent-found,needs-triage,debito-tecnico","[financial] #268 entregue sem assercao de rota — so os schemas foram validados, com fixture null",Só schema com fixture nula; o único teste de rota assere apenas items[].id.
903,manter,válido,2026-08-31,"agent-found,needs-triage,debito-tecnico",[financial] os 4 slugs de erro da M2 ficaram fora do gate de error-classification,error-classification.test.ts:20-71 não lista os 4 slugs da M2.
902,manter,válido,2026-08-31,"bug,agent-found,needs-triage","[financial] confirm da conciliacao fecha ciclo de deadlock com o save do documento, sem withDeadlockRetry","reconciliation-repository.drizzle.ts não importa withDeadlockRetry, e o confirm passou a escrever fin_documents."
901,manter,válido,2026-08-31,"agent-found,needs-triage,debito-tecnico",[budget-plans] financial recebe o read-port inteiro e um pool duplicado de programs — fatiar em buildTaxonomyPathReadPort,composition.ts:948 injeta o read-port inteiro; nenhum buildTaxonomyPathReadPort existe.
900,manter,válido,2026-08-31,"agent-found,needs-triage,gap-contrato",[financial] manual-entry e batch gravam os 5 refs sem validar o caminho na arvore do plano,record-manual-entry.ts:141-142 só valida formato; ninguém chama findPathBySubcategory.
899,manter,válido,2026-08-31,"agent-found,needs-triage,gap-contrato",[financial] desfazer a conciliacao nao desfaz a reclassificacao que ela carregou,undo-reconciliation.ts não menciona taxonomia; o undo do repo só reverte status e auditoria.
898,manter,válido,2026-08-31,"agent-found,needs-triage,debito-tecnico",[budget-plans] taxonomy-path-read.drizzle nao tem teste de integracao — RN-M2-09/10 so valem contra fake,taxonomy-path-read.drizzle.ts não é exercitado por teste algum — só o fake in-memory.
897,feito,fechada 02/09,2026-08-31,"agent-found,needs-triage,seguranca","[financial] reclassificar taxonomia de gasto pago entrou sob reconciliation:write, sem alcada propria","addb690b decidiu: as alçadas ficam FUNDIDAS, nada a mudar no preHandler. A issue pede o que já foi decidido não fazer."
896,feito,fechada 02/09,2026-08-31,"bug,agent-found,needs-triage",[financial] teste da trilha M2 nao pode falhar: assere piso de contagem que o seed ja satisfaz,reconciliation-reclassify.drizzle-mysql.test.ts:345 assere o Result e casa por conteúdo nos 3 alvos.
895,feito,fechada 02/09,2026-08-31,"bug,agent-found,needs-triage",[financial] teste da cascata M2 escolhe o DocumentSaved por sorteio de UUID — CI vermelho no #889,"O teste apaga o outbox antes do confirm (:269), deixando um único DocumentSaved a projetar."
894,feito,fechada 02/09,2026-08-31,"bug,agent-found,needs-triage",[financial] fin_payable_view nao tem guard de recencia — reprojetar evento antigo apaga a reclassificacao,payable-view-store.drizzle.ts:52-102 tem guard fresher + coluna occurred_at (migration 0055).
893,feito,fechada 02/09,2026-08-31,"bug,agent-found,needs-triage,seguranca",[financial] reclassificacao da taxonomia escreve em fin_documents fora do optimistic lock,"CAS version+1 em reconciliation-repository.drizzle.ts:147-168, mapeado a document-version-conflict (409)."
892,feito,fechada 02/09,2026-08-31,"agent-found,needs-triage,debito-tecnico",[financial] Ancora M2 — reclassificar a taxonomia (5 niveis) na conciliacao (PR #889),04f24df8 é ancestral do HEAD (CHANGELOG:18). A âncora entregou; as fatias #898-#913 já vivem sozinhas.
888,manter,válido,2026-08-27,"agent-found,needs-triage,debito-tecnico",[financial] Backfill de budget_plan_ref nos documentos orfaos — o plano E derivavel do no da arvore (fatia do #502/CA3),Não existe job que derive budget_plan_ref da folha; o backfill só repõe o que fin_documents já tem.
885,manter,válido,2026-08-27,"agent-found,needs-triage,debito-tecnico",[financial] o adapter que grava o codigo de barras nao tem teste — a conversao da linha digitavel so esta provada no dominio,remittance-payment-reader.drizzle.ts:171 chama resolveBarcode sem teste do adapter.
881,manter,válido · P1,2026-08-27,"bug,agent-found,priority:p1,needs-decision,go-live,camada:core",[financial] aprovacao inoperante em PRODUCAO: o gate do #609 le payable:approve na tabela e o AUTH_RBAC_MODE=bypass nao o alcanca,checkApprover lê authority.canApprove da tabela e não consulta rbacMode; o bypass só age na borda.
879,critico,fix órfão,2026-08-25,"bug,agent-found,priority:p1",[financial] conta migrada nasce com convenio LEGADO e trava para sempre — bloqueio em PRODUCAO,"Fix existe só em origin/fix/convenio-legado-879 (1837299e), NUNCA mergeado. mapper.ts:69 ainda grava convenio LEGADO. P1 travando produção."
873,manter,decisão,2026-08-25,"agent-found,seguranca,priority:p1,needs-decision",[infra/release] producao esta 794 commits atras — o que precisa ser resolvido para promover a go-live,"rc.1 e rc.2 saíram e main absorveu dev, mas a promoção é externa e #879/#881/#942 seguem abertas."
871,manter,incerto,2026-08-25,"agent-found,needs-triage,debito-tecnico",[handbook] reconciliar o registro com o repositorio paralelo core-api-deno — ADR 0054/0055/0056 resolvem para dois documentos,Nenhuma referência a core-api-deno no handbook; precisa do outro repositório para decidir.
868,manter,válido,2026-08-25,"bug,agent-found,needs-triage,type:task","[financial] o inspetor aprova arquivo que o banco recusa — faltam AO, AQ e AR, que sao estrutura pura",RemittanceDefectCode não checa AO/AQ/AR; a lista do que o inspetor não faz cita só AT e AU-AY.
866,epico,não iniciado,2026-08-25,"agent-found,type:epic",GERADOR BINARIO de .rem,Épico real e vazio: o arquivo ainda é string com CRLF e sobe como texto (van-storage.s3.ts:43-56).
865,manter,válido,2026-08-25,"bug,agent-found,needs-triage,type:task",[financial] endereco do cedente sai em branco nas 80 posicoes do header de lote — o dado nao existe em nenhuma camada,companyAddress não tem produtor no repo; o header de lote emite street/state vazios.
864,feito,fechada 02/09,2026-08-25,"bug,agent-found,needs-triage,type:task","[financial] lote de boleto: 223-224 sai em branco onde o G059 AB exige 01, e o Segmento J-52 nao e emitido",J-52 passou a ser emitido (PR #928); 223-224 em branco é decisão explícita no multipag-records.ts:219-222.
863,manter,válido,2026-08-25,"bug,agent-found,needs-triage,type:task",[financial] CNPJ alfanumerico do FAVORECIDO e destruido por digits() — o Segmento B emite outra inscricao,"multipag-segments.ts:273 digits(p.document,14) destrói letras; o código registra a premissa em :397-400."
861,manter,válido,2026-08-25,"agent-found,priority:p2,needs-decision",[financial] o CNAB carimba data e hora em UTC — remessa gerada apos 21h nasce datada de AMANHA,stamp() usa getUTCDate/getUTCHours (remittance-file-name.ts:49-53).
858,manter,válido,2026-08-25,"bug,agent-found,needs-triage",[financial] Segmento B emite endereco do favorecido sempre em branco — o campo nao existe no port do tradutor,"RemittancePayeeData não tem campo de endereço; o código cita ""branco em 100% das remessas (#858)""."
856,reescrever,parcial,2026-08-25,"bug,agent-found,needs-triage","[financial] campos do cedente sem fonte de dado no header CNAB (nome do banco, DVs, tipo de inscricao)",Razão social saiu do nome do banco (PR #857/#870). Sobra: documentType/agencyDigit/accountAgencyDigit/bankName hardcoded em generate-remittance.ts:172-186.
853,manter,válido,2026-08-25,"agent-found,needs-triage,debito-tecnico,camada:core",[financial] fakes in-memory nao espelham os CHECKs do schema — titulo Paid sem paid_at passa no unitario e sai com 3819 no MySQL,O CHECK fin_payables_paid_at_chk não tem espelho no fake (payable-repository.in-memory.ts:113).
845,manter,válido,2026-08-24,"agent-found,needs-triage,gap-contrato",[reports] o filtro status=Transmitted compara o status do documento e nunca casa,"O próprio schemas.ts:129-132 documenta: ""Transmitted desta lista NUNCA casa""."
844,manter,válido,2026-08-24,"agent-found,needs-triage,debito-tecnico",[shared] concentrar o cast de affectedRows do mysql2 num helper unico,Cast de affectedRows repetido em 7 arquivos; nenhum helper em src/shared.
841,manter,válido,2026-08-24,"agent-found,needs-triage,debito-tecnico",[infra/tests] boot-guard infere porta abriu do SIGKILL por teto de 20s — reprova o gate sob carga sem regressao do guard,"server-jwt-key-boot-guard.test.ts:22-23 infere ""a porta abriu"" do SIGKILL por teto de 20s."
839,reescrever,parcial,2026-08-24,"documentation,agent-found,needs-triage,needs-decision",[financial/infra] sete incognitas operacionais da VAN sem dono nem ADR — transferidas da #604,"4 das 7 incógnitas viraram ADR-0061 §""o que continua em aberto"". Sobram 3, sem dono."
836,manter,válido,2026-08-24,-,[financial] /payable-titles/counts conta os filhos de retencao — a chip diverge da tabela quando o filtro e por tipo de documento,countByStatus não filtra kind/retentionType; a rota ainda soma Draft da tabela de documentos.
833,manter,válido,2026-08-24,"agent-found,needs-triage,debito-tecnico,priority:p2","[shared/dx] Cinco cortes de custo ocioso e atrito de dev — o grupo outbox so loga, e e o maior consumidor da stack","O grupo outbox entrega por log (specs.ts:106,132) e segue listado em run.ts:29."
830,manter,válido,2026-08-23,"agent-found,needs-triage,debito-tecnico","[shared/migrations] eventos_processados e criada por um journal so, mas cinco modulos dependem dela",CREATE TABLE eventos_processados só na migration de contracts; 5 módulos dependem dela.
829,manter,válido,2026-08-23,"agent-found,needs-triage,debito-tecnico",[financial] outbox in-memory e so produtor — consumo do fin_outbox sem cobertura unitaria,fin-outbox-reader.drizzle.ts só é exercitado no integrado gated por MySQL.
826,decisao,aguarda sua decisão,2026-08-22,"gap-contrato,priority:p1","[web-app] PATCH de vencimento de titulo exige expectedDueDate — 400 ate o front enviar (BREAKING, ja na dev)",Não fechei: é mudança BREAKING que o web-app ainda precisa absorver. Fechar aqui apagaria o único registro dessa coordenação.
823,manter,válido,2026-08-22,"gap-contrato,priority:p3,camada:core",[financial] titulo nao diz em qual remessa foi — o vinculo existe no banco e nao e exposto em rota nenhuma,remittanceId só aparece nos DTOs do lado da remessa; nenhuma rota de título o expõe.
821,manter,válido,2026-08-22,"bug,priority:p2,camada:core",[financial] remessa com data de pagamento no PASSADO e aceita — e a tentativa queima NSA,"generate-remittance.ts:130-131 só recusa datas MISTAS; nada compara com hoje, e o NSA é alocado depois."
820,manter,válido,2026-08-21,"documentation,agent-found,needs-triage",[financial] a razao escrita para bloquear pagamento por DV divergente supoe uma modalidade que o piloto nao usa,"account-check-digit.ts:11-14 mantém o texto ""Modalidade 01 é exatamente a do piloto""."
819,manter,válido,2026-08-21,"agent-found,needs-triage,gap-contrato",[financial] dado bancario do cedente travado por historico nao tem via de correcao — o operador fica sem saida,edit-cedente-account.ts:64-68 devolve bank-data-locked sem override; não há outra rota de correção.
817,manter,válido,2026-08-21,"agent-found,needs-triage,gap-contrato",[partners] cadastro de favorecido nao tem tipo de conta (corrente/poupanca) — dois campos do CNAB dependem dele,"Constantes fixas CC (batch-profile.ts:178) e 01 (multipag-segments.ts:427), ambas comentadas com ""#817""."
816,manter,válido,2026-08-21,"bug,agent-found,needs-triage",[financial] digito verificador da conta do cedente nunca e conferido — o banco recusa toda remessa daquela conta,verifyAccountCheckDigit só é usado no favorecido; cedente-account.ts:39 grava accountDigit sem conferir.
815,manter,válido,2026-08-21,"bug,agent-found,needs-triage",[financial] emissor nao conhece credito em conta poupanca — todo favorecido do proprio banco sai como conta corrente,O domínio de formas é 01/41/30/31/45 — não existe crédito em poupança; P013 sai fixo em CC.
810,manter,válido,2026-08-21,"agent-found,needs-triage,debito-tecnico,priority:p2,camada:core","[shared/persistence] o padrao hard replace da #803 se repete em 7 pontos — auth, budget-plans e contracts","Hard replace sem diff em 7 pontos de auth, budget-plans e contracts; child-rows-diff.ts só existe no financial."
808,reescrever,parcial,2026-08-21,"agent-found,needs-triage,debito-tecnico,priority:p2,camada:core",[shared/persistence] varchar de negocio sem COLLATE herda o default do servidor — provisionamento do zero quebra na migration 0050,Gate de detecção instalado (tests/cleanup/schema-collation.test.ts); a migration 0050 segue sem COLLATE.
801,manter,válido,2026-08-21,"bug,agent-found,priority:p2,camada:core",[partners/domain] createPixKey nao valida o formato da chave — aceita qualquer string nao-vazia,payment-target.ts:65-67 — createPixKey só checa keyType e string não-vazia.
798,feito,fechada 02/09,2026-08-21,"bug,agent-found,needs-triage",[financial] buildVanStorage descarta o erro de configuracao e cai para in-memory mudo,"buildVanStorage faz fail-fast (composition.ts:763-769, PR #914). Não há mais ramo in-memory."
792,feito,fechada 02/09,2026-08-21,"bug,priority:p1,camada:core","[financial] documento nunca sai de Approved — a remessa prende o titulo, mas Transmitted do documento e casca sem transicao","Título vai a Transmitted na mesma tx da reserva (remittance-repository.ts:53,68 — ADR-0065, PRs #848/#850)."
791,manter,válido,2026-08-21,"documentation,debito-tecnico,priority:p3","[docs] ADR-0020 recomenda onConflictDoUpdate, que nao existe no dialeto MySQL do Drizzle","ADR-0020:93 ainda diz ""continuamos preferindo onConflictDoUpdate""; o contracts repo o reproduz à mão em transação."
790,manter,válido,2026-08-21,"debito-tecnico,priority:p2,camada:core",[financial] fin_reconciliation_items referencia payable_id sem FK — mesmo desenho que produziu o vinculo orfao da remessa,"mysql.ts:792-808 — payable_id sem foreignKey; o comentário declara ""sem FK cross-aggregate""."
787,reescrever,parcial,2026-08-20,"agent-found,gap-contrato,priority:p1,camada:core","[financial] remessa transmitida que nunca confirma fica Queued para sempre, e ninguem varre",O descarte cobre Queued SEM arquivo. Queued COM arquivo cujo status/ nunca chega segue sem varredura.
774,manter,válido,2026-08-19,"agent-found,debito-tecnico,priority:p2,type:task,camada:core",[partners] descer filtro/sort/paginacao das 5 listas para o SQL e matar o N+1 do export de historico,list-suppliers.ts filtra/ordena em memória; o export faz um listCollaboratorHistory por colaborador.
773,manter,válido,2026-08-19,"agent-found,debito-tecnico,priority:p2,type:task,camada:bff",[core] duas composicoes cross-modulo na borda sem Deprecation/Sunset — divida transitoria sem data de validade,"Deprecation/Sunset só em contracts, e como prosa sem data; as 2 composições do financial não emitem nada."
772,manter,válido,2026-08-19,"agent-found,gap-contrato,priority:p3,type:task,camada:bff","[reports] envelope de tela legado no contrato do core — Receivables sempre vazio, PascalCase e nome de coluna legada","dto.ts:61 — Receivables: [] fixo, chaves PascalCase e coluna legada Category_id."
771,manter,válido,2026-08-19,"agent-found,debito-tecnico,priority:p2,type:task,camada:bff","[core] parar de montar DTO de widget (%, distribuicao, top-N, serie) nas 6 rotas de dashboard/chart","6 rotas montam DTO de widget no core (financial plugin.ts:2173,2191,2209; reports:313,384,429)."
770,manter,válido,2026-08-19,"agent-found,debito-tecnico,priority:p3,type:task,camada:bff",[core] retirar a renderizacao de CSV do core — 10 rotas de export + formatacao R$ no budget-plans,"21 ocorrências de text/csv na borda + formatação R$ em budget-plan-csv.ts:11,42."
769,epico,com carga,2026-08-19,"agent-found,debito-tecnico,priority:p2,type:epic",[EPICO] Fronteira ADR-0049 — a apresentacao que ainda vive no core-api (inventario medido 19/08),"As 4 frentes seguem no core (#770 CSV, #771 widgets, #772 envelope legado, #773 composições)."
768,manter,válido,2026-08-19,"agent-found,needs-triage,gap-contrato",[docs] documentar no handoff do front o autocadastro de colaborador e a ativacao de usuario por token,Rotas /collaborators/autocadastro existem e não constam do handoff §2.6.1; ativação por token também não.
756,reescrever,parcial,2026-08-19,"priority:p1,type:epic,camada:core","[EPICO] VAN Bradesco — piloto por credito em conta e TED, validado no x99 (roadmap fechado 19/08, revisto 24/08)","Piloto emite 01 e 41 medidos no validador; a entrada em produção segue barrada por #879, #881 e #942."
737,manter,válido,2026-08-18,-,"[financial] /payable-titles sem busca textual — o q da #167 ficou no /documents, que o grid abandonou no #201",listPayablesQuerySchema não tem q/search — só status/documentType/supplierRef/datas/paginação.
690,feito,fechada 02/09,2026-08-10,-,[financial] Retorno da VAN: a caixa e do convenio — lote nao pode falhar por referencia desconhecida,return-file.ts:13-25 nunca falha o lote — baldes unreadable/skipped (PR #779).
681,feito,fechada 02/09,2026-08-10,-,[financial] Segmentos de cobranca (P/Q) em contexto de pagamento — errata do ADR-0002 e prevencao,Errata registrada na spec 016 §13 + unknown-segment no inspetor (remittance-inspector.ts:269).
678,manter,válido,2026-08-10,-,"Nenhum workflow escaneia a imagem do core-api (o web-app tem gate Trivy bloqueante; o back, nenhum)",Nenhum scanner de imagem em .github/workflows/ (grep trivy/grype/snyk = 0).
659,manter,incerto,2026-08-07,"bug,agent-found,needs-triage",[financial] reader: suite local de PDFs reais falha de forma intermitente (1 em 6 rodadas),PDFs em pasta gitignored e a suíte se auto-pula; o readdirSync:24 segue sem ordenação.
645,manter,válido,2026-08-06,"agent-found,needs-triage,debito-tecnico,deferred,priority:p3",[infra] integracao roda as 13 suites em PR doc-only — filtrar por path sem pendurar o required check,integration.yml:17-19 sem paths/paths-ignore; as 13 suítes rodam em PR doc-only.
643,manter,válido,2026-08-06,"agent-found,needs-triage,debito-tecnico,deferred,priority:p3",[api-collections] inscrever budget-plans no runner — 14 .bru nunca sao executados,bruno-all.sh:100 — MAIN_FOLDERS não inclui budget-plans; os 14 .bru nunca executam.
634,reescrever,parcial,2026-08-05,priority:p2,[auth] REVERTER AUTH_RBAC_MODE=bypass — reformular e estruturar permissoes do cliente,"resolveRbacMode voltou a fail-secure (#870), mas compose.yaml:369 ainda tem AUTH_RBAC_MODE: bypass."
626,manter,válido,2026-08-04,-,[budget-plans] cost-structure sem nivel de PROGRAMA — taxonomia Plano > Programa > Centro nao cascateia,Árvore é Plano>Centro>Categoria>Subcategoria; nenhum nível PROGRAMA no domínio.
625,manter,válido,2026-08-04,-,Relatorio Geral (#442): /reports/generalReport nao resolve Centro/Categoria/Subcategoria (ref->nome) — devolve null com ref VALIDO,general-report-projection.ts:226-228 resolve por LEFT JOIN em tabelas que nada popula (0 INSERTs).
607,manter,válido,2026-07-29,"bug,agent-found,debito-tecnico,priority:p2",[auth] storage de foto de perfil cai para memoria em SILENCIO — foto some no restart (irmao do #516),auth/composition.ts:241-264 cai em makeInMemoryProfilePhotoStorage() em silêncio.
603,manter,válido,2026-07-29,"seguranca,priority:p1,type:epic,camada:core",[auth] Migracao da autenticacao para AWS Cognito — briefing de implementacao (spec-kit),ADR-0055 Accepted mas zero código Cognito; a emissão segue ES256 local.
600,manter,válido,2026-07-28,-,reports/payable-view: rascunho (Draft) nao deve ser a pagar + defasagem Approved->Open na projecao,payable-view/types.ts:41-43 mapeia Draft → Open na projeção.
599,manter,válido,2026-07-28,-,reports(cashflow): expor Centro de Custo como EIXO no /reports/cashflow (hoje e so filtro — front faz fan-out N+1),"cashflow-read.ts:26 declara ""CC NÃO é eixo""; CashflowRow não tem dimensão de centro."
592,manter,válido,2026-07-28,-,"[reports] Analise de Pagamentos — filtrar status pelos 6 granulares (join fin_documents, paridade com #588)",payables-analysis-projection.ts:80 filtra o status da view sem JOIN em fin_documents.
569,feito,fechada 02/09,2026-07-24,"enhancement,agent-found,needs-triage",[infra] MinIO/S3 do comprovante-fonte: bytes precisam durar (senao in-memory some no restart),"buildDocumentStorage é fail-fast sem fallback (composition.ts:734-747, PR #916)."
556,manter,válido,2026-07-24,-,feat(financial): retornar campos de documento do lancamento manual no detalhe da conciliacao (leitura do #370),transactionReconciliationResponseSchema não devolve documentNumber/documentType/issueDate/valor.
525,feito,fechada 02/09,2026-07-22,"agent-found,debito-tecnico,seguranca,priority:p3",[ci] endereco de tailnet do QA hardcoded em 3 pontos do deploy-qa.yml — mover para secret ou MagicDNS,"deploy-qa.yml não existe mais (virou qa-image.yml, PRs #748/#780); job Tailscale SSH removido."
517,critico,fix órfão,2026-07-22,"bug,agent-found,needs-triage",[shared] scripts de e2e destroem o banco e os secrets de dev — mesma classe da #500,Fix e1fca4e6 preservado só na tag archive/fix/e2e-scripts-non-destructive-517. Os 4 scripts seguem com docker compose down -v + rm secrets/mysql_*.txt.
514,manter,válido,2026-07-22,"agent-found,needs-triage,seguranca",[auth] emitir e validar o claim aud no access token JWT,token-issuer.es256.ts:29-36 não chama setAudience; jwtVerify valida só issuer/algorithms.
507,manter,válido,2026-07-21,"agent-found,needs-triage,gap-contrato",[financial] tarifa bancaria (manual sem plano) nao aparece em nenhum relatorio,realized-provisioned-projection.ts:245 exclui a tarifa sem plano com isNotNull(budgetPlanRef).
505,feito,fechada 02/09,2026-07-21,"agent-found,needs-triage,gap-contrato",[financial] batch de lancamento manual descarta budgetPlanRef/subcategoryRef em silencio (contract-lie pos-S2),"confirm-batch.ts:20-22,59-70 repassa budgetPlanRef/subcategoryRef ao recordManualEntry."
502,feito,fechada 02/09,2026-07-21,"agent-found,needs-triage,debito-tecnico",[financial/front] Epico: carimbar o titulo com Plano Orcamentario + Subcategoria na criacao — destrava REP-5 e #446,"S1-S6 mergeados; colunas budget_plan_ref/subcategory_ref em fin_documents, fin_payable_view e fin_manual_entries."
497,reescrever,parcial,2026-07-20,"agent-found,needs-triage,seguranca","[reports] assimetria de permissao: agregado sob read-sensitive, por-pessoa nominal sob read",Assimetria eliminada por nivelamento (plugin.ts:223); a segregação real ficou para o redesenho de RBAC.
496,manter,válido,2026-07-20,"bug,agent-found,needs-triage",[auth/rbac] sync-permissions so concede ao papel admin-sistema — permissao nova nasce inacessivel,"sync-permissions.ts:29,66-73 só reconcilia admin-sistema."
487,critico,fix órfão,2026-07-17,"bug,agent-found,needs-triage",[etl] plano-filho vira raiz orfa em silencio quando o pai e quarentenado (ETL de Orcamento),Fix 23b38277 só na tag archive/fix/etl-budget-plans-orphan-parent-487. main.ts:323 ainda faz parentId null em silêncio.
486,manter,válido,2026-07-17,"agent-found,needs-triage,debito-tecnico",[auth] expor resolver read-by-legacy-id na public-api de ETL,"AuthEtlPort expõe só provisionLegacyUser+close; sem findByLegacyId, que partners e financial têm."
482,manter,válido,2026-07-17,"agent-found,needs-triage,seguranca",[partners] exigir permissao dedicada para dado sensivel em GET /collaborators,GET /collaborators exige só collaborator:read; o read-sensitive existe no catálogo e não guarda a rota.
481,epico,casca,2026-07-17,"priority:p1,type:epic",[SUPER] Pos Go-Live — guarda-chuva unico do backlog pos-entrega,"Guarda-chuva puro — zero rastro em src/, handbook/ ou git log."
480,epico,casca,2026-07-17,type:epic,"[SUPER P3] Pos Go-Live — divida tecnica, melhoria e escopo futuro","Idem #481 — só triagem de backlog, sem código próprio."
479,epico,casca,2026-07-17,type:epic,"[SUPER P2] Pos Go-Live — o dado ja existe, falta expor",Sem código próprio; os filhos vivos são #324/#342/#271/#406.
478,epico,casca,2026-07-17,type:epic,"[SUPER P1] Pos Go-Live — quebrado em producao, bloqueia paridade ou e caminho critico","Sem artefato; os P1 reais (#438, #112) têm veredito próprio."
470,manter,válido,2026-07-16,priority:p2,[budget-plans] No de custo inativo ainda aceita lancamento e aparece no CSV — desativar so esconde da arvore,add-budget-result.ts:60 só lê launchType — nenhuma checagem de active no lançamento nem no CSV.
469,manter,válido,2026-07-16,priority:p2,[budget-plans] Arvore de custos so expoe o active efetivo — o switch do front nao distingue heranca de intencao,schemas.ts:272-274 declara que a borda não expõe a intenção individual.
468,manter,válido,2026-07-16,priority:p2,[budget-plans] Falta como ZERAR/EXCLUIR um lancamento — a lixeira do Calculando Gastos nao tem rota,"Só POST por modelo + GET by-budget; DELETE existe para plano e orçamento, nunca para lançamento."
466,feito,fechada 02/09,2026-07-15,priority:p3,dev-seed: admin de dev congelado em 31 de 44 permissoes — seed one-shot nunca reconcilia,dev-seed.ts:17 usa PermissionCatalog.all.map — permissão nova entra no admin automaticamente.
464,manter,válido,2026-07-15,priority:p2,[budget-plans] Persistir os INSUMOS do calculo (coluna data) — sem isso o formulario nunca reabre preenchido,bgp_budget_results guarda só model/month/valueCents; nenhuma coluna de insumo.
438,manter,válido,2026-07-15,priority:p1,[partners] Colaborador: nao ha como EDITAR campos pessoais (data de nascimento etc.) pos-cadastro,collaborator.ts:189 devolve collaborator-already-complete; o PUT omite todos os campos pessoais.
426,manter,válido,2026-07-13,priority:p2,[contracts] Contrato com vigencia encerrada permanece Pendente — deveria transicionar para Finalizado,findExpirable filtra status Active e contract.ts:247 só aceita ActiveContract — Pending vencido nunca transiciona.
415,manter,válido,2026-07-11,priority:p2,[budget-plans] (conveniencia) GET consolidado: estrutura de custo + valores por rede numa resposta,get-consolidated-result.ts:19-30 devolve só resumo; árvore e valores ficam em rotas separadas.
407,reescrever,parcial,2026-07-10,priority:p3,[deploy/infra] Consolidar os 6 workers em 2-3 tasks ECS por afinidade (reduzir pools contra o RDS),"Código entregue (6→4 grupos, compose.yaml:451-544); falta o rollout no host QA (deploy/qa/README.md:54)."
406,reescrever,parcial,2026-07-10,priority:p2,[financial] Incluir eventos de CONCILIACAO na trilha do documento (GET /documents/:id/timeline),"A reclassificação entra na trilha, mas como DocumentSaved; conciliação e undo em si não entram."
371,manter,válido,2026-07-09,"priority:p2,camada:core",[financial] Lancamento manual — classificacao Tarifa/Multa/Juros (feePenaltyKind),"Zero ocorrências de feePenaltyKind em src/ — só a categoria de seed ""Tarifas bancárias""."
362,manter,válido,2026-07-07,"agent-found,needs-triage,seguranca,priority:p3,needs-decision,camada:core",[financial] Alinhar minimizacao LGPD de supplierDocument entre os batch endpoints do epico #350,schemas.ts:1279 e :1310 expõem supplierDocument cru nos dois batch endpoints.
360,manter,válido,2026-07-07,"agent-found,needs-triage,debito-tecnico,priority:p3",[ci] runner de integracao nao descobre jobs sozinho — 1 de 2 tests/jobs/** segue orfao,test-integration.ts:55-110 é lista fixa; o backfill do financial segue órfão.
353,mover,outro repo,2026-07-07,"deferred,priority:p3,pos-go-live,camada:bff",[bff] Pagina de leitura compartilhada do plano/consolidado (share externo),A página de share vive no BFF. Zero rastro no core-api.
352,mover,outro repo,2026-07-07,"priority:p1,camada:bff",[bff] Compor Dashboard no BFF (montar DashboardStatisticsDto),DashboardStatisticsDto não existe em src/; a composição foi empurrada para o BFF.
349,mover,outro repo,2026-07-07,"priority:p1,camada:bff",[infra/bff] Camada BFF (server-side TanStack Start) como caminho unico do web-app,ADR-0049 Accepted: o BFF (TanStack Start) não mora no core-api. Nenhum artefato correspondente aqui.
342,manter,válido,2026-07-03,priority:p2,[financial/reconciliation] Read-model do extrato por periodo nao projeta o fitid da linha,"statementViewLineSchema .strict() sem fitid, embora o campo exista no domínio."
335,feito,fechada 02/09,2026-07-02,"agent-found,needs-triage,debito-tecnico,priority:p3",[notifications] corrigir 3.6 do secrets-catalog — PARTNERS_INVITE_FROM documentado como alias lido,secrets-catalog.md:139 já registra que PARTNERS_INVITE_FROM não é lido (c61b83a8).
334,manter,válido,2026-07-02,"agent-found,needs-triage,debito-tecnico,priority:p3",[notifications] tipo FromHeader proprio — brand EmailAddress carrega header From com display name,email-config.ts:88-129 carrega o From com display name dentro do brand EmailAddress.
333,manter,válido,2026-07-02,"agent-found,needs-triage,debito-tecnico,priority:p2",[partners] renomear identificadores PT autocadastro para EN (self-registration),Rota /collaborators/autocadastro e autocadastroUrl seguem em PT.
329,manter,válido,2026-07-02,"agent-found,needs-triage,seguranca,priority:p3",[shared/http] redigir codigo interno em respostas 5xx do sendWriteError + teto de page na paginacao,"programs/plugin.ts:81-86 envia o código interno no envelope, inclusive em 503; page sem teto."
327,reescrever,parcial,2026-07-02,priority:p2,[financial] Expor approver efetivo (effectiveApprover) no detalhe do documento apos submit com cascata,A cascata existe (submit-draft.ts:73-84) mas o DTO só tem approverRef — falta expor effectiveApprover.
324,manter,válido,2026-07-02,priority:p2,[financial] Conciliacao Buscar varios: filtrar titulos pagos por PERIODO + expor issueDate,"A query é só status: Paid, sem período, e o item não tem issueDate."
320,manter,válido,2026-07-01,"deferred,priority:p3,type:feature,pos-go-live,camada:core",[budget-plans] Fatia 6 US6 — Compartilhamento externo seguro (pos-entrega),Nenhuma rota/token/entidade de compartilhamento externo em budget-plans.
309,manter,válido,2026-07-01,"debito-tecnico,priority:p3,type:task",[financial] observabilidade: PayableViewStore.updateStatus logar affectedRows===0,payable-view-store.drizzle.ts:112-123 retorna ok sem ler affectedRows.
305,manter,válido,2026-07-01,priority:p3,feat(notifications/contracts): e-mail de alerta de vigencia contratual (4o template + gatilho novo),email-event-delivery.ts:254-283 tem 3 templates; nenhum gatilho de vigência contratual.
291,reescrever,parcial,2026-06-30,"gap-contrato,priority:p3,type:feature,pos-go-live,camada:core",Financeiro Lancar Documento — CBS/IBS (reforma tributaria) no motor tributario,"registered-tax.ts:6 já inclui CBS/IBS como ""leitura apenas""; falta o cálculo no motor."
290,manter,válido,2026-06-30,"gap-contrato,priority:p3,type:task,pos-go-live,camada:bff",Financeiro Lancar Documento — divergencia de aliquota (ISS/SEFIN) na validacao do documento,Zero ocorrências de ISS/SEFIN/alíquota em src/.
271,manter,válido,2026-06-26,priority:p2,[financial] Conciliacao: serializar treatment (e costCenter/note) da diferenca no lookup,"O lookup traz differenceCents/category/taxonomy, mas não treatment, costCenterRef nem note."
268,feito,fechada 02/09,2026-06-25,priority:p2,[financial] expor dados do ManualEntry no lookup da conciliacao (detalhe da nova transacao),schemas.ts:1126-1137 (bloco marcado #268) devolve taxonomy com os 5 refs + category (4ec8445e).
265,reescrever,parcial,2026-06-24,priority:p2,Expor paidAt (data de pagamento) na rota GET /financial/payables?status=Paid,paidAt foi para o grid por título (#231); a rota citada (GET /payables?status=Paid) segue sem ele.
179,manter,válido,2026-06-19,"gap-contrato,deferred,priority:p2,type:feature,pos-go-live,camada:core",[reports] slices de recebiveis adiados — dependem de modulo receivables inexistente,Receivables é sempre []; o módulo receivables continua inexistente.
170,epico,com carga,2026-06-19,"priority:p2,type:epic,nao-planejado,camada:core","[EPIC] Notifications deliverability (o envio ja funciona; falta bounce, DNS e observabilidade)","DNS/SES entregue, mas #131 e #132 não têm uma linha de código."
169,reescrever,parcial,2026-06-19,"priority:p2,type:epic,pos-go-live,camada:core","[EPIC] Front v2 paridade com o legado (modulos novos: Dashboard, Budget Plans, Reports)",Reports (#114) e Budget Plans (#113) portados. O épico agora cobre só o que falta do Dashboard.
145,reescrever,parcial,2026-06-18,"priority:p1,type:task,pos-go-live,camada:core",FIN-RECON-IMPORT-PDF-OCR — importar extrato em PDF via OCR (complementa OFX/CSV),pdf-parser.ts importa PDF por gabarito sobre texto nativo; não há OCR para extrato digitalizado.
135,feito,fechada 02/09,2026-06-18,"deferred,priority:p3,type:task,sp:3,BlockedBy,camada:core",[notifications/infra] provisionar envio de e-mail em deploy — SES/SMTP + SPF/DKIM/DMARC + DB + migration + CI,Runbook 08: prod envia por Amazon SES desde 02/07; CI fechado em fe338c47.
132,manter,válido,2026-06-18,"deferred,priority:p3,type:feature,sp:3,pos-go-live,BlockedBy,camada:core",[notifications] bounce handling de e-mail via webhook do provider,Nenhum handler de bounce/webhook em src/; o runbook 08 §2 registra o SNS como por fazer.
131,manter,válido,2026-06-18,"priority:p3,type:feature,sp:2,BlockedBy,camada:core",[notifications] observabilidade do outbox de e-mail — status consultavel + metricas,Sem rota de status do outbox e sem métrica; o worker só escreve log.
130,manter,válido,2026-06-18,"agent-found,debito-tecnico,priority:p3,type:task,pos-go-live,camada:core",[financial] fin_document_timeline desvia do ADR-0022 (sincrona na tx vs projecao),buildTimelineEntries é chamado nos 8 use cases e persistido na mesma tx do save — segue síncrono.
129,feito,fechada 02/09,2026-06-18,"agent-found,debito-tecnico,priority:p3,type:task,pos-go-live,camada:core",[partners] reconciler/backfill p/ par_contract_count_view (contador incremental drifta),contract-count-backfill/backfill.ts:4 reconcilia drift via setCount absoluto — cita a #129.
117,feito,fechada 02/09,2026-06-18,"deferred,priority:p3,type:feature,sp:3,BlockedBy,camada:core",[notifications] Envio de e-mail transacional via Umbler (SMTP) — EmailPort + outbox + DKIM/DMARC,"nodemailer.ts + worker email-dispatch + outbox por evento (ADR-0047, dc5a7c2f/1acab1da)."
114,feito,fechada 02/09,2026-06-17,"gap-contrato,priority:p1,type:feature,pos-go-live,camada:core",[reports] expor modulo Relatorios (9 slices) — portar do legado; front bloqueado sem mock,reports/plugin.ts expõe 11 rotas /reports/* — o módulo foi portado.
113,feito,fechada 02/09,2026-06-17,"gap-contrato,priority:p2,type:feature,pos-go-live,camada:core",[budget-plans] expor Plano Orcamentario (Planejamento + Consolidado ABC) — portar do legado,"Módulo budget-plans completo: plano, árvore, orçamentos, 4 modelos, consolidated-result + CSV."
112,reescrever,parcial,2026-06-17,"gap-contrato,priority:p1,type:feature,pos-go-live,camada:core","[statistics] Dashboard — fecham os 2 KPIs que faltam (receita, top financiador) + decidir quem agrega o DTO",Widgets e Realizado×Previsto no ar; faltam receita e top financiador — e quem agrega foi para o BFF.
95,feito,fechada 02/09,2026-06-16,"gap-contrato,priority:p2,type:epic,camada:bff",[EPIC] FIN-DETAIL — drawer de Detalhe completo (GET /api/v2/financial/documents/:id),"GET /financial/documents/:id devolve série, taxonomia, payeeBank e versão (schemas.ts:292-340, PR #254)."
64,epico,cumprido,2026-06-16,"type:epic,nao-planejado,camada:core",[EPIC] Financeiro — contas a pagar (documentos -> titulos -> liquidacao),Cadeia inteira no ar: POST /documents → submit/approve → payables → pagamento/remessa. O que sobra são as fatias 4/6/7/8.
63,feito,fechada 02/09,2026-06-16,"priority:p3,roadmap,type:feature,pos-go-live,camada:core",[financial] Fatia 8 — integracao cross-modulo (Contratos + Orcamento),contractRef/budgetPlanRef no domínio + taxonomia 5 níveis (#502) + realized-by-plan-reader.
62,feito,fechada 02/09,2026-06-16,"priority:p3,roadmap,type:feature,pos-go-live,camada:core",[financial] Fatia 7 — ingestao via OCR + enriquecimento,document-reader/cascade.ts + native-pdf.ts + autofill por CNPJ + rota /documents/with-source-file (48a5ac82).
61,reescrever,parcial,2026-06-16,"priority:p3,roadmap,type:feature,pos-go-live,camada:core",[financial] Fatia 6 — desfazimento de pagamento e conciliacao,undo-reconciliation e undo-approval entregues; desfazimento de PAGAMENTO não existe.
59,reescrever,parcial,2026-06-16,"deferred,priority:p1,roadmap,type:feature,pos-go-live,camada:core",[financial] Fatia 4 — extrato D+1 + confirmacao de pagamento,Import OFX/CSV/PDF + baixa manual entregues; a confirmação D+1 não fecha (scan-van-returns só tria).
53,manter,válido,2026-06-16,"agent-found,debito-tecnico,seguranca,priority:p3,type:task,pos-go-live,camada:core",[financial] isolar leituras por organizacao (multi-tenant) em fin_documents,Nenhuma ocorrência de organizationId/tenant em src/; fin_documents não tem coluna de organização.
